Precision	0.48
Recall	0.5128205128205128
F1-Score	0.4958677685950413
